"Rank","Tier","WSID","Overall","Team","Pos","Bye","Best","Worst","Avg","Std Dev","ADP","vs. ADP"
"1","1","","Christian McCaffrey","CAR","RB1","13","1","6","1.2","0.9","1.0","0.0"
"2","1","","Saquon Barkley","NYG","RB2","11","1","5","2.2","0.7","3.0","+1.0"
"3","1","","Ezekiel Elliott","DAL","RB3","10","2","12","3.3","1.2","2.0","-1.0"
"4","1","","Derrick Henry","TEN","RB4","7","2","27","5.2","1.8","7.0","+3.0"
"5","2","","Alvin Kamara","NO","RB5","6","1","20","6.3","2.1","5.0","0.0"
"6","2","","Dalvin Cook","MIN","RB6","7","2","57","7.2","6.3","6.0","0.0"
"7","2","","Michael Thomas","NO","WR1","6","3","22","8.9","3.4","4.0","-3.0"
"8","2","","Nick Chubb","CLE","RB7","9","3","42","10.7","5.9","11.0","+3.0"
"9","2","","Davante Adams","GB","WR2","5","3","22","10.8","3.0","8.0","-1.0"
"10","2","","Joe Mixon","CIN","RB8","9","4","31","11.1","5.9","9.0","-1.0"
"11","2","","Josh Jacobs","LV","RB9","6","2","44","11.4","5.7","12.0","+1.0"
"12","3","","Tyreek Hill","KC","WR3","10","5","25","13.0","3.0","10.0","-2.0"
"13","3","","Julio Jones","ATL","WR4","10","3","29","13.9","3.2","13.0","0.0"
"14","3","","Miles Sanders","PHI","RB10","9","5","31","17.1","6.5","19.0","+5.0"
"15","3","","Travis Kelce","KC","TE1","10","11","33","17.6","1.9","17.0","+2.0"
"16","3","","Clyde Edwards-Helaire","KC","RB11","10","3","59","13.8","8.7","16.0","0.0"
"17","3","","Chris Godwin","TB","WR5","13","11","81","18.1","4.8","18.0","+1.0"
"18","3","","George Kittle","SF","TE2","11","11","46","18.8","3.2","21.0","+3.0"
"19","3","","Aaron Jones","GB","RB12","5","7","47","19.6","6.9","15.0","-4.0"
"20","3","","DeAndre Hopkins","ARI","WR6","8","11","54","20.9","6.3","14.0","-6.0"
"21","3","","Kenny Golladay","DET","WR7","5","13","40","21.1","4.5","25.0","+4.0"
"22","3","","Kenyan Drake","ARI","RB13","8","6","66","21.9","8.9","20.0","-2.0"
"23","4","","Mike Evans","TB","WR8","13","13","90","25.1","5.9","24.0","+1.0"
"24","4","","Patrick Mahomes","KC","QB1","10","13","54","26.2","9.2","22.0","-2.0"
"25","4","","Austin Ekeler","LAC","RB14","10","5","44","29.4","7.6","26.0","+1.0"
"26","4","","Mark Andrews","BAL","TE3","8","17","63","29.6","8.9","31.0","+5.0"
"27","4","","Amari Cooper","DAL","WR9","10","15","93","30.6","6.7","28.0","+1.0"
"28","4","","A.J. Brown","TEN","WR10","7","13","57","30.9","7.0","37.0","+9.0"
"29","4","","Chris Carson","SEA","RB15","6","8","71","31.0","9.7","38.0","+9.0"
"30","4","","Allen Robinson","CHI","WR11","11","15","64","31.4","7.7","32.0","+2.0"
"31","4","","Odell Beckham Jr.","CLE","WR12","9","12","112","31.9","6.8","27.0","-4.0"
"32","4","","Lamar Jackson","BAL","QB2","8","6","68","32.2","10.2","23.0","-9.0"
"33","4","","Adam Thielen","MIN","WR13","7","20","62","33.9","7.8","39.0","+6.0"
"34","5","","D.J. Moore","CAR","WR14","13","12","65","34.4","7.2","36.0","+2.0"
"35","5","","JuJu Smith-Schuster","PIT","WR15","8","13","101","34.9","7.5","30.0","-5.0"
"36","5","","Todd Gurley","ATL","RB16","10","9","76","36.7","12.2","29.0","-7.0"
"37","5","","Calvin Ridley","ATL","WR16","10","16","82","38.0","6.8","40.0","+3.0"
"38","5","","Robert Woods","LAR","WR17","9","21","88","41.5","9.7","57.0","+19.0"
"39","5","","Leonard Fournette","JAC","RB17","7","12","76","41.8","12.1","34.0","-5.0"
"40","5","","Cooper Kupp","LAR","WR18","9","11","86","42.5","9.1","35.0","-5.0"
"41","5","","James Conner","PIT","RB18","8","18","89","42.7","12.7","54.0","+13.0"
"42","5","","Tyler Lockett","SEA","WR19","6","31","65","43.4","6.7","49.0","+7.0"
"43","5","","Melvin Gordon","DEN","RB19","8","9","83","43.4","9.9","42.0","-1.0"
"44","5","","Terry McLaurin","WAS","WR20","8","21","72","46.5","9.5","65.0","+21.0"
"45","5","","D.K. Metcalf","SEA","WR21","6","25","89","47.6","10.3","47.0","+2.0"
"46","5","","David Johnson","HOU","RB20","8","22","85","47.7","13.0","44.0","-2.0"
"47","5","","Zach Ertz","PHI","TE4","9","25","170","47.7","12.6","48.0","+1.0"
"48","5","","Courtland Sutton","DEN","WR22","8","29","101","48.1","11.1","45.0","-3.0"
"49","6","","D.J. Chark","JAC","WR23","7","30","87","49.3","9.2","59.0","+10.0"
"50","6","","Le'Veon Bell","NYJ","RB21","11","15","83","49.8","11.1","53.0","+3.0"
"51","6","","Jonathan Taylor","IND","RB22","7","10","143","47.0","18.8","33.0","-18.0"
"52","6","","Mark Ingram II","BAL","RB23","8","12","123","52.7","14.2","56.0","+4.0"
"53","6","","DeVante Parker","MIA","WR24","11","30","111","53.5","11.8","55.0","+2.0"
"54","6","","David Montgomery","CHI","RB24","11","22","84","54.4","10.8","61.0","+7.0"
"55","6","","Dak Prescott","DAL","QB3","10","35","91","55.1","6.5","43.0","-12.0"
"56","6","","Keenan Allen","LAC","WR25","10","24","127","56.3","11.1","46.0","-10.0"
"57","6","","T.Y. Hilton","IND","WR26","7","29","111","56.8","9.3","66.0","+9.0"
"58","6","","Stefon Diggs","BUF","WR27","11","33","84","59.5","10.7","58.0","0.0"
"59","6","","Russell Wilson","SEA","QB4","6","37","91","59.7","7.4","50.0","-9.0"
"60","6","","Kyler Murray","ARI","QB5","8","19","114","60.9","7.5","51.0","-9.0"
"61","6","","Deshaun Watson","HOU","QB6","8","38","105","63.8","8.8","41.0","-20.0"
"62","6","","Raheem Mostert","SF","RB25","11","27","147","63.8","12.1","52.0","-10.0"
"63","6","","Darren Waller","LV","TE5","6","26","194","60.8","21.8","63.0","0.0"
"64","6","","Devin Singletary","BUF","RB26","11","14","110","66.3","12.2","60.0","-4.0"
"65","6","","A.J. Green","CIN","WR28","9","29","112","67.2","12.0","67.0","+2.0"
"66","6","","Michael Gallup","DAL","WR29","10","41","122","67.4","12.8","70.0","+4.0"
"67","6","","Marquise Brown","BAL","WR30","8","30","112","69.6","12.9","72.0","+5.0"
"68","7","","Jarvis Landry","CLE","WR31","9","41","114","70.3","9.6","69.0","+1.0"
"69","7","","D'Andre Swift","DET","RB27","5","9","153","71.5","18.0","62.0","-7.0"
"70","7","","Tyler Boyd","CIN","WR32","9","37","137","75.5","12.8","74.0","+4.0"
"71","7","","Josh Allen","BUF","QB7","11","59","116","76.0","11.6","68.0","-3.0"
"72","7","","Cam Akers","LAR","RB28","9","34","161","74.1","19.1","64.0","-8.0"
"73","7","","Matt Ryan","ATL","QB8","10","59","116","78.6","10.5","75.0","+2.0"
"74","7","","Kareem Hunt","CLE","RB29","9","41","143","79.0","12.8","71.0","-3.0"
"75","7","","Marvin Jones","DET","WR33","5","52","124","79.3","11.9","101.0","+26.0"
"76","7","","Julian Edelman","NE","WR34","6","41","182","79.3","16.6","82.0","+6.0"
"77","7","","Ronald Jones II","TB","RB30","13","27","167","79.9","18.8","84.0","+7.0"
"78","7","","Evan Engram","NYG","TE6","11","46","195","81.7","27.1","77.0","-1.0"
"79","7","","Will Fuller","HOU","WR35","8","46","279","84.3","28.7","94.0","+15.0"
"80","7","","Brandin Cooks","HOU","WR36","8","45","188","85.0","19.4","86.0","+6.0"
"81","7","","Hunter Henry","LAC","TE7","10","46","197","85.1","25.5","78.0","-3.0"
"82","7","","Carson Wentz","PHI","QB9","9","61","116","88.5","12.1","81.0","-1.0"
"83","7","","Tyler Higbee","LAR","TE8","9","26","196","89.3","28.2","92.0","+9.0"
"84","7","","Jordan Howard","MIA","RB31","11","57","176","89.7","16.3","89.0","+5.0"
"85","7","","Drew Brees","NO","QB10","6","52","131","91.2","12.8","73.0","-12.0"
"86","7","","J.K. Dobbins","BAL","RB32","8","51","185","92.9","20.5","83.0","-3.0"
"87","8","","Tom Brady","TB","QB11","13","68","153","97.0","13.0","85.0","-2.0"
"88","8","","Jared Cook","NO","TE9","6","53","211","98.3","28.9","90.0","+2.0"
"89","8","","John Brown","BUF","WR37","11","50","208","98.7","22.9","110.0","+21.0"
"90","8","","Diontae Johnson","PIT","WR38","8","41","194","98.9","20.2","112.0","+22.0"
"91","8","","Matthew Stafford","DET","QB12","5","44","172","99.6","12.1","104.0","+13.0"
"92","8","","Tevin Coleman","SF","RB33","11","60","186","100.0","15.2","119.0","+27.0"
"93","8","","Mike Williams","LAC","WR39","10","49","192","97.8","24.4","106.0","+13.0"
"94","8","","Marlon Mack","IND","RB34","7","42","196","102.2","25.6","93.0","-1.0"
"95","8","","Matt Breida","MIA","RB35","11","75","169","102.9","16.0","111.0","+16.0"
"96","8","","Aaron Rodgers","GB","QB13","5","55","167","103.0","15.3","76.0","-20.0"
"97","8","","Phillip Lindsay","DEN","RB36","8","51","177","104.2","20.2","103.0","+6.0"
"98","8","","Christian Kirk","ARI","WR40","8","58","196","101.5","24.3","100.0","+2.0"
"99","8","","Darius Slayton","NYG","WR41","11","58","203","103.3","24.2","107.0","+8.0"
"100","8","","Kerryon Johnson","DET","RB37","5","31","162","106.7","19.3","88.0","-12.0"
"101","8","","James White","NE","RB38","6","51","198","110.5","18.2","98.0","-3.0"
"102","8","","Hayden Hurst","ATL","TE10","10","18","266","105.4","33.7","129.0","+27.0"
"103","8","","Jamison Crowder","NYJ","WR42","11","64","220","108.9","28.2","122.0","+19.0"
"104","8","","Latavius Murray","NO","RB39","6","67","227","112.9","20.0","132.0","+28.0"
"105","8","","Rob Gronkowski","TB","TE11","13","46","257","105.1","30.9","79.0","-26.0"
"106","8","","Deebo Samuel","SF","WR43","11","64","294","107.9","36.4","80.0","-26.0"
"107","8","","Sony Michel","NE","RB40","6","59","182","111.2","24.8","87.0","-20.0"
"108","8","","Daniel Jones","NYG","QB14","11","60","191","118.1","19.2","105.0","-3.0"
"109","8","","Emmanuel Sanders","NO","WR44","6","55","210","112.1","23.9","99.0","-10.0"
"110","8","","CeeDee Lamb","DAL","WR45","10","64","297","112.4","35.1","91.0","-19.0"
"111","8","","Ben Roethlisberger","PIT","QB15","8","68","178","118.7","13.3","125.0","+14.0"
"112","8","","Anthony Miller","CHI","WR46","11","73","216","116.9","25.5","150.0","+38.0"
"113","8","","Austin Hooper","CLE","TE12","9","53","204","117.8","24.2","95.0","-18.0"
"114","8","","Sterling Shepard","NYG","WR47","11","79","285","112.9","28.7","121.0","+7.0"
"115","8","","Mike Gesicki","MIA","TE13","11","53","258","119.9","33.9","128.0","+13.0"
"116","8","","Jared Goff","LAR","QB16","9","61","197","125.0","18.1","116.0","0.0"
"117","9","","Alexander Mattison","MIN","RB41","7","54","205","126.0","18.3","126.0","+9.0"
"118","9","","Cam Newton","NE","QB17","6","68","328","123.7","36.0","171.0","+53.0"
"119","9","","Darrell Henderson","LAR","RB42","9","76","270","126.7","23.0","134.0","+15.0"
"120","9","","Tarik Cohen","CHI","RB43","11","88","177","126.9","17.5","113.0","-7.0"
"121","9","","Baker Mayfield","CLE","QB18","9","90","193","128.4","20.7","102.0","-19.0"
"122","9","","Noah Fant","DEN","TE14","8","68","236","126.3","25.4","108.0","-14.0"
"123","9","","Ryan Tannehill","TEN","QB19","7","69","198","130.1","20.3","123.0","0.0"
"124","9","","Zack Moss","BUF","RB44","11","76","329","125.0","36.4","135.0","+11.0"
"125","9","","Adrian Peterson","WAS","RB45","8","64","312","128.7","32.7","151.0","+26.0"
"126","9","","Ke'Shawn Vaughn","TB","RB46","13","60","333","127.1","39.4","96.0","-30.0"
"127","9","","Golden Tate","NYG","WR48","11","61","243","131.6","27.2","124.0","-3.0"
"128","9","","Jonnu Smith","TEN","TE15","7","69","281","132.0","28.5","145.0","+17.0"
"129","9","","T.J. Hockenson","DET","TE16","5","78","213","135.4","20.9","115.0","-14.0"
"130","9","","Preston Williams","MIA","WR49","11","72","264","129.7","26.3","144.0","+14.0"
"131","9","","Mecole Hardman","KC","WR50","10","75","205","125.7","29.2","130.0","-1.0"
"132","9","","Dallas Goedert","PHI","TE17","9","68","253","137.7","25.6","137.0","+5.0"
"133","9","","Duke Johnson","HOU","RB47","8","92","225","141.5","21.8","146.0","+13.0"
"134","9","","Joe Burrow","CIN","QB20","9","66","283","141.7","29.0","114.0","-20.0"
"135","9","","Jalen Reagor","PHI","WR51","9","73","303","133.3","42.9","133.0","-2.0"
"136","9","","Tony Pollard","DAL","RB48","10","99","235","142.8","19.3","154.0","+18.0"
"137","9","","Jerry Jeudy","DEN","WR52","8","72","310","133.9","36.6","97.0","-40.0"
"138","9","","Boston Scott","PHI","RB49","9","81","346","148.2","34.4","160.0","+22.0"
"139","9","","Breshad Perriman","NYJ","WR53","11","82","239","141.1","28.4","139.0","0.0"
"140","9","","Curtis Samuel","CAR","WR54","13","80","236","141.3","30.0","165.0","+25.0"
"141","9","","Blake Jarwin","DAL","TE18","10","78","290","146.4","32.1","163.0","+22.0"
"142","9","","Henry Ruggs III","LV","WR55","6","62","305","138.1","40.1","118.0","-24.0"
"143","9","","Kirk Cousins","MIN","QB21","7","87","250","151.2","23.4","136.0","-7.0"
"144","9","","Chase Edmonds","ARI","RB50","8","83","243","153.8","27.8","172.0","+28.0"
"145","9","","Justin Jefferson","MIN","WR56","7","72","316","140.3","40.9","109.0","-36.0"
"146","9","","Jimmy Garoppolo","SF","QB22","11","64","254","158.1","26.9","131.0","-15.0"
"147","9","","Jack Doyle","IND","TE19","7","91","245","155.6","24.1","156.0","+9.0"
"148","9","","Robby Anderson","CAR","WR57","13","66","208","144.9","29.8","138.0","-10.0"
"149","9","","San Francisco (SF)","","DST1","11","78","320","142.7","21.0","120.0","-29.0"
"150","9","","N'Keal Harry","NE","WR58","6","64","274","151.5","31.8","155.0","+5.0"
"151","10","","Antonio Gibson","WAS","RB51","8","62","361","140.7","58.0","183.0","+32.0"
"152","10","","Gardner Minshew II","JAC","QB23","7","73","343","160.3","31.2","162.0","+10.0"
"153","10","","Chris Herndon IV","NYJ","TE20","11","94","260","157.9","31.4","181.0","+28.0"
"154","10","","Eric Ebron","PIT","TE21","8","94","234","154.3","25.9","173.0","+19.0"
"155","10","","Pittsburgh (PIT)","","DST2","8","80","228","146.1","13.4","117.0","-38.0"
"156","10","","Philip Rivers","IND","QB24","7","84","284","165.9","25.9","149.0","-7.0"
"157","10","","Baltimore (BAL)","","DST3","8","86","174","150.8","9.9","127.0","-30.0"
"158","10","","DeSean Jackson","PHI","WR59","9","41","294","153.7","38.6","168.0","+10.0"
"159","10","","Drew Lock","DEN","QB25","8","95","275","167.0","26.0","147.0","-12.0"
"160","10","","Justin Jackson","LAC","RB52","10","78","280","161.0","30.6","169.0","+9.0"
"161","10","","Sammy Watkins","KC","WR60","10","71","217","159.1","24.3","153.0","-8.0"
"162","10","","Allen Lazard","GB","WR61","5","85","310","162.9","40.1","187.0","+25.0"
"163","10","","Damien Harris","NE","RB53","6","63","280","166.0","44.6","199.0","+36.0"
"164","10","","Teddy Bridgewater","CAR","QB26","13","100","254","172.2","26.1","164.0","0.0"
"165","10","","Buffalo (BUF)","","DST4","11","109","211","161.0","11.8","142.0","-23.0"
"166","10","","Brandon Aiyuk","SF","WR62","11","63","300","161.6","42.4","170.0","+4.0"
"167","10","","Nyheim Hines","IND","RB54","7","112","262","174.7","24.5","180.0","+13.0"
"168","10","","New England (NE)","","DST5","6","92","234","163.5","17.0","159.0","-9.0"
"169","10","","A.J. Dillon","GB","RB55","5","51","365","174.0","47.3","166.0","-3.0"
"170","10","","Harrison Butker","KC","K1","10","105","183","170.7","10.9","140.0","-30.0"
"171","10","","Sam Darnold","NYJ","QB27","11","75","309","185.8","34.5","161.0","-10.0"
"172","10","","Ian Thomas","CAR","TE22","13","121","258","176.5","30.0","174.0","+2.0"
"173","10","","Justin Tucker","BAL","K2","8","99","184","173.0","10.9","141.0","-32.0"
"174","10","","Parris Campbell","IND","WR63","7","101","280","181.4","29.1","198.0","+24.0"
"175","10","","Carlos Hyde","SEA","RB56","6","84","344","181.7","41.9","204.0","+29.0"
"176","10","","Chicago (CHI)","","DST6","11","126","248","171.6","21.6","188.0","+12.0"
"177","10","","Michael Pittman Jr.","IND","WR64","7","64","342","172.0","40.2","148.0","-29.0"
"178","10","","New Orleans (NO)","","DST7","6","95","212","180.2","19.5","211.0","+33.0"
"179","10","","Derek Carr","LV","QB28","6","104","319","194.6","39.6","207.0","+28.0"
"180","10","","Jamaal Williams","GB","RB57","5","96","318","183.6","35.5","179.0","-1.0"
"181","10","","Alshon Jeffery","PHI","WR65","9","72","285","179.6","44.0","152.0","-29.0"
"182","10","","Wil Lutz","NO","K3","6","106","251","182.8","12.5","158.0","-24.0"
"183","11","","Kansas City (KC)","","DST8","10","129","292","186.2","25.7","209.0","+26.0"
"184","11","","James Washington","PIT","WR66","8","113","295","187.0","28.2","192.0","+8.0"
"185","11","","Greg Zuerlein","DAL","K4","10","111","204","187.6","11.0","175.0","-10.0"
"186","11","","Minnesota (MIN)","","DST9","7","118","278","191.8","24.5","195.0","+9.0"
"187","11","","Corey Davis","TEN","WR67","7","87","283","193.0","26.0","193.0","+6.0"
"188","11","","Irv Smith Jr.","MIN","TE23","7","142","273","195.9","34.8","186.0","-2.0"
"189","11","","Malcolm Brown","LAR","RB58","9","118","373","200.7","38.1","218.0","+29.0"
"190","11","","Hunter Renfrow","LV","WR68","6","75","338","198.6","33.7","191.0","+1.0"
"191","11","","Greg Olsen","SEA","TE24","6","105","304","192.2","37.0","190.0","-1.0"
"192","11","","Joshua Kelley","LAC","RB59","10","76","367","189.9","48.9","210.0","+18.0"
"193","11","","Los Angeles (LAR)","","DST10","9","128","288","191.1","27.2","200.0","+7.0"
"194","11","","Darrynton Evans","TEN","RB60","7","130","360","195.2","44.9","206.0","+12.0"
"195","11","","Larry Fitzgerald","ARI","WR69","8","102","280","193.9","26.4","205.0","+10.0"
"196","11","","Tyrell Williams","LV","WR70","6","109","286","196.5","29.8","213.0","+17.0"
"197","11","","Benny Snell Jr.","PIT","RB61","8","132","311","206.6","33.2","243.0","+46.0"
"198","11","","Denzel Mims","NYJ","WR71","11","107","327","200.4","34.1","176.0","-22.0"
"199","11","","Dede Westbrook","JAC","WR72","7","98","301","203.3","30.0","184.0","-15.0"
"200","11","","Ryquell Armstead","JAC ","RB62","7","121","329","211.8","39.6","222.0","+22.0"
"201","11","","DeAndre Washington","KC","RB63","10","103","327","205.8","46.5","267.0","+66.0"
"202","11","","Randall Cobb","HOU","WR73","8","124","295","205.9","25.2","224.0","+22.0"
"203","11","","Anthony McFarland Jr.","PIT","RB64","8","115","351","201.7","46.4","202.0","-1.0"
"204","11","","John Ross","CIN ","WR74","9","112","283","202.3","30.4","194.0","-10.0"
"205","11","","Philadelphia (PHI)","","DST11","9","131","249","207.8","20.4","229.0","+24.0"
"206","11","","Giovani Bernard","CIN","RB65","9","133","289","210.8","33.2","242.0","+36.0"
"207","11","","O.J. Howard","TB","TE25","13","62","335","206.3","41.3","217.0","+10.0"
"208","11","","Denver (DEN)","","DST12","8","96","295","208.8","21.9","223.0","+15.0"
"209","11","","Robbie Gould","SF","K5","11","122","299","207.2","18.1","178.0","-31.0"
"210","11","","Steven Sims","WAS","WR75","8","109","341","208.8","51.3","290.0","+80.0"
"211","11","","Cole Beasley","BUF","WR76","11","148","295","211.9","24.0","234.0","+23.0"
"212","11","","Rashaad Penny","SEA","RB66","6","118","364","209.9","42.3","185.0","-27.0"
"213","11","","Laviska Shenault Jr.","JAC","WR77","7","96","355","212.7","42.7","226.0","+13.0"
"214","11","","Jace Sternberger","GB","TE26","5","121","321","213.0","40.3","208.0","-6.0"
"215","11","","Matt Gay","TB","K6","13","157","321","213.4","19.8","220.0","+5.0"
"216","11","","Los Angeles (LAC)","","DST13","10","119","346","209.6","32.5","221.0","+5.0"
"217","11","","Kenny Stills","HOU","WR78","8","121","306","213.4","30.1","216.0","-1.0"
"218","11","","Matt Prater","DET","K7","5","129","324","219.2","20.7","189.0","-29.0"
"219","11","","Dawson Knox","BUF","TE27","11","136","299","217.9","33.9","225.0","+6.0"
"220","11","","Dwayne Haskins","WAS","QB29","8","115","319","235.6","40.4","252.0","+32.0"
"221","11","","Tyrod Taylor","LAC","QB30","10","114","352","237.3","49.8","233.0","+12.0"
"222","11","","Tennessee (TEN)","","DST14","7","145","294","222.7","21.6","241.0","+19.0"
"223","11","","Tee Higgins","CIN","WR79","9","151","349","220.3","34.3","201.0","-22.0"
"224","11","","Jake Elliott","PHI","K8","9","137","292","227.4","21.3","244.0","+20.0"
"225","11","","Zane Gonzalez","ARI","K9","8","132","329","226.0","25.4","227.0","+2.0"
"226","11","","Ka'imi Fairbairn","HOU","K10","8","149","300","228.0","18.9","240.0","+14.0"
"227","11","","Kyle Rudolph","MIN","TE28","7","127","325","227.2","37.3","214.0","-13.0"
"228","11","","Seattle (SEA)","","DST15","6","134","301","227.3","24.7","238.0","+10.0"
"229","11","","Gus Edwards","BAL","RB67","8","148","388","225.3","44.0","237.0","+8.0"
"230","11","","Mohamed Sanu","NE","WR80","6","108","341","225.8","26.7","239.0","+9.0"
"231","11","","Chris Thompson","JAC","RB68","7","134","356","236.0","46.1","203.0","-28.0"
"232","12","","Bryce Love","WAS","RB69","8","85","331","236.4","56.3","300.0","+68.0"
"233","12","","Ito Smith","ATL","RB70","10","151","354","234.2","37.1","256.0","+23.0"
"234","12","","Michael Badgley","LAC","K11","10","157","309","232.2","23.3","236.0","+2.0"
"235","12","","Green Bay (GB)","","DST16","5","156","306","236.6","22.8","248.0","+13.0"
"236","12","","Josh Reynolds","LAR","WR81","9","154","323","233.9","33.4","215.0","-21.0"
"237","12","","Will Dissly","SEA","TE29","6","78","305","226.1","39.8","250.0","+13.0"
"238","12","","Indianapolis (IND)","","DST17","7","97","304","231.6","32.6","258.0","+20.0"
"239","12","","Jalen Richard","LV","RB71","6","167","329","244.1","40.5","257.0","+18.0"
"240","12","","Mason Crosby","GB","K12","5","154","300","238.1","19.8","249.0","+9.0"
"241","12","","Gerald Everett","LAR","TE30","9","108","334","236.2","34.3","266.0","+25.0"
"242","12","","Justice Hill","BAL","RB72","8","132","365","232.3","54.6","219.0","-23.0"
"243","12","","Jerick McKinnon","SF","RB73","11","121","360","240.9","55.5","284.0","+41.0"
"244","12","","Royce Freeman","DEN","RB74","8","98","382","240.9","55.8","231.0","-13.0"
"245","12","","Tampa Bay (TB)","","DST18","13","128","340","243.0","40.7","265.0","+20.0"
"246","12","","Danny Amendola","DET","WR82","5","168","369","238.7","27.8","268.0","+22.0"
"247","12","","Cleveland (CLE)","","DST19","9","142","309","246.6","27.5","260.0","+13.0"
"248","12","","Chris Conley","JAC","WR83","7","181","302","233.2","22.2","262.0","+14.0"
"249","12","","Dallas (DAL)","","DST20","10","102","299","245.5","28.8","251.0","+2.0"
"250","12","","Miles Boykin","BAL","WR84","8","151","323","235.0","27.5","272.0","+22.0"
"251","12","","Dan Bailey","MIN","K13","7","130","289","247.3","18.4","197.0","-54.0"
"252","12","","New York (NYJ)","","DST21","11","155","345","243.7","36.2","235.0","-17.0"
"253","12","","Rex Burkhead","NE","RB75","6","143","361","244.6","36.8","269.0","+16.0"
"254","12","","Ryan Fitzpatrick","MIA","QB31","11","118","358","261.0","45.5","228.0","-26.0"
"255","12","","Younghoe Koo","ATL","K14","10","150","323","246.3","33.0","270.0","+15.0"
"256","12","","Russell Gage","ATL","WR85","10","175","353","246.2","37.3","301.0","+45.0"
"257","12","","Tre'Quan Smith","NO","WR86","6","173","335","238.2","27.7","253.0","-4.0"
"258","12","","Brandon McManus","DEN","K15","8","148","332","252.1","23.4","255.0","-3.0"
"259","12","","Nick Foles","CHI","QB32","11","120","352","266.2","40.7","280.0","+21.0"
"260","12","","Andy Isabella","ARI","WR87","8","146","396","241.0","36.7","246.0","-14.0"
"261","12","","David Njoku","CLE","TE31","9","105","368","249.3","39.0","247.0","-14.0"
"262","12","","Jason Myers","SEA","K16","6","133","292","255.2","22.6","264.0","+2.0"
"263","12","","Jimmy Graham","CHI","TE32","11","155","305","256.8","23.8","254.0","-9.0"
"264","12","","Chris Boswell","PIT","K17","8","141","292","264.5","23.4","274.0","+10.0"
"265","12","","Joey Slye","CAR","K18","13","156","339","266.2","27.2","259.0","-6.0"
"266","12","","Darwin Thompson","KC","RB76","10","177","362","258.7","37.7","275.0","+9.0"
"267","12","","Peyton Barber","WAS","RB77","8","133","368","259.8","48.2","282.0","+15.0"
"268","12","","Dion Lewis","NYG","RB78","11","155","331","268.7","31.9","263.0","-5.0"
"269","12","","Chase Claypool","PIT","WR88","8","185","372","255.7","36.2","245.0","-24.0"
"270","12","","KJ Hamler","DEN","WR89","8","184","373","258.2","37.9","261.0","-9.0"
"271","12","","Marquez Valdes-Scantling","GB","WR90","5","108","370","255.1","26.5","288.0","+17.0"
"272","12","","Jaylen Samuels","PIT","RB79","8","176","380","270.2","47.0","212.0","-60.0"
"273","12","","Houston (HOU)","","DST22","8","162","312","277.3","21.4","276.0","+3.0"
"274","12","","Tyler Eifert","JAC","TE33","7","107","349","255.4","35.2","",""
"275","12","","Tua Tagovailoa","MIA","QB33","11","104","354","281.6","50.5","167.0","-108.0"
"276","12","","Phillip Dorsett","SEA","WR91","6","203","376","262.9","29.0","283.0","+7.0"
"277","13","","Stephen Hauschka","BUF","K19","11","181","306","276.2","20.9","273.0","-4.0"
"278","13","","Adam Humphries","TEN","WR92","7","193","348","268.2","27.8","297.0","+19.0"
"279","13","","Brian Hill","ATL","RB80","10","140","376","272.5","42.1","",""
"280","13","","Vance McDonald","PIT","TE34","8","141","344","277.4","29.4","278.0","-2.0"
"281","13","","Josh Lambo","JAC","K20","7","174","309","279.8","23.7","285.0","+4.0"
"282","13","","J.J. Arcega-Whiteside","PHI","WR93","9","122","383","277.1","38.3","292.0","+10.0"
"283","13","","Austin Seibert","CLE","K21","9","192","309","282.8","20.6","230.0","-53.0"
"284","13","","Zach Pascal","IND","WR94","7","205","378","268.1","32.4","277.0","-7.0"
"285","13","","Bryan Edwards","LV","WR95","6","113","395","254.6","60.2","182.0","-103.0"
"286","13","","Demarcus Robinson","KC","WR96","10","196","384","277.2","34.6","291.0","+5.0"
"287","13","","Mike Boone","MIN","RB81","7","188","381","273.7","34.3","299.0","+12.0"
"288","13","","Antonio Gandy-Golden","WAS","WR97","8","129","385","271.5","46.2","",""
"289","13","","Darrel Williams","KC","RB82","10","138","388","283.5","50.1","",""
"290","13","","Frank Gore","NYJ","RB83","11","123","391","278.7","52.3","",""
"291","13","","Auden Tate","CIN","WR98","9","148","386","273.6","39.5","281.0","-10.0"
"292","13","","Lamar Miller","NE","RB84","6","110","383","258.0","69.8","",""
"293","13","","Devonta Freeman","FA","RB85","","84","362","256.3","51.7","232.0","-61.0"
"294","13","","Washington (WAS)","","DST23","8","199","355","291.1","27.5","302.0","+8.0"
"295","13","","LeSean McCoy","TB","RB86","13","146","358","253.0","65.7","303.0","+8.0"
"296","13","","Jacksonville (JAC)","","DST24","7","145","347","291.5","26.6","295.0","-1.0"
"297","13","","Mitch Trubisky","CHI","QB34","11","126","375","303.6","41.7","287.0","-10.0"
"298","13","","Dare Ogunbowale","TB","RB87","13","177","361","290.6","37.1","",""
"299","13","","Kendrick Bourne","SF","WR99","11","122","396","277.2","48.1","",""
"300","13","","David Moore","SEA","WR100","6","209","393","281.8","33.5","293.0","-7.0"
"301","13","","Cameron Brate","TB","TE35","13","223","381","293.3","29.7","294.0","-7.0"
"302","13","","Daniel Carlson","LV","K22","6","197","332","300.5","19.2","",""
"303","13","","Brett Maher","NYJ","K23","11","188","342","294.1","26.4","",""
"304","13","","Lynn Bowden Jr.","LV","RB88","6","143","370","262.8","57.1","",""
"305","13","","Willie Snead","BAL","WR101","8","222","412","289.3","32.2","",""
"306","13","","Jakobi Meyers","NE","WR102","6","210","391","289.4","29.4","",""
"307","13","","Atlanta (ATL)","","DST25","10","195","334","303.1","18.7","",""
"308","13","","Devin Duvernay","BAL","WR103","8","128","411","285.6","46.2","",""
"309","13","","Nelson Agholor","LV","WR104","6","186","398","286.2","41.8","286.0","-23.0"
"310","13","","Detroit (DET)","","DST26","5","161","345","307.0","21.8","",""
"311","13","","Carolina (CAR)","","DST27","13","165","352","306.7","28.7","",""
"312","13","","Reggie Bonnafon","CAR","RB89","13","193","363","304.0","37.2","",""
"313","13","","Van Jefferson","LAR","WR105","9","141","413","294.4","35.4","298.0","-15.0"
"314","13","","Lamical Perine","NYJ","RB90","11","186","368","291.9","36.7","",""
"315","13","","Justin Herbert","LAC","QB35","10","131","364","310.4","41.4","177.0","-138.0"
"316","13","","Aldrick Rosas","FA","K24","","186","353","299.6","23.2","",""
"317","13","","Dustin Hopkins","WAS","K25","8","206","353","310.3","24.5","",""
"318","13","","Patrick Laird","MIA","RB91","11","225","393","308.3","32.7","",""
"319","13","","Chase McLaughlin","IND","K26","7","201","353","296.8","29.0","",""
"320","13","","Justin Rohrwasser","NE","K27","6","143","343","283.8","35.9","157.0","-163.0"
"321","13","","T.J. Yeldon","BUF","RB92","11","216","382","317.1","33.0","",""
"322","13","","Jordan Wilkins","IND","RB93","7","193","384","307.5","40.2","",""
"323","13","","DaeSean Hamilton","DEN","WR106","8","188","417","303.1","38.4","",""
"324","13","","Bo Scarbrough","DET","RB94","5","232","380","316.6","32.8","",""
"325","13","","Darren Fells","HOU","TE36","8","173","325","278.0","35.9","",""
"326","13","","Qadree Ollison","ATL","RB95","10","195","392","320.8","32.9","",""
"327","13","","Stephen Gostkowski","FA","K28","","189","336","248.6","47.0","279.0","-48.0"
"328","13","","Keke Coutee","HOU","WR107","8","147","418","303.6","38.1","",""
"329","13","","DeeJay Dallas","SEA","RB96","6","144","375","303.8","39.1","",""
"330","13","","Wayne Gallman","NYG","RB97","11","231","387","318.5","31.1","",""
"331","14","","Derrius Guice","FA","RB98","","66","354","181.3","101.5","143.0","-188.0"
"332","14","","Trey Burton","IND","TE37","7","160","388","297.5","35.2","296.0","-36.0"
"333","14","","Jarrett Stidham","NE","QB36","6","132","385","321.4","33.2","271.0","-62.0"
"334","14","","Las Vegas (LV)","","DST28","6","167","355","313.5","28.5","",""
"335","14","","Arizona (ARI)","","DST29","8","163","346","312.4","20.9","",""
"336","14","","Randy Bullock","CIN","K29","9","146","346","314.8","18.6","",""
"337","14","","Myles Gaskin","MIA","RB99","11","250","386","322.6","29.2","",""
"338","14","","Greg Ward","PHI","WR108","9","169","425","310.5","49.2","",""
"339","14","","Travis Homer","SEA","RB100","6","252","386","325.4","27.9","",""
"340","14","","Jordan Akins","HOU","TE38","8","246","361","300.6","28.9","",""
"341","14","","Jacob Hollister","SEA","TE39","6","232","391","297.1","41.3","289.0","-52.0"
"342","14","","Ted Ginn","CHI","WR109","11","202","423","313.9","38.7","",""
"343","14","","Eno Benjamin","ARI","RB101","8","146","385","307.2","51.0","",""
"344","14","","C.J. Uzomah","CIN","TE40","9","226","367","295.8","37.9","",""
"345","14","","Antonio Brown","FA","WR110","","52","424","273.0","63.3","196.0","-149.0"
"346","14","","Jeff Wilson","SF","RB102","11","155","379","313.8","32.7","",""
"347","14","","Jameis Winston","NO","QB37","6","135","391","331.1","38.8","",""
"348","14","","Marcus Mariota","LV","QB38","6","134","385","327.5","47.4","",""
"349","14","","Dante Pettis","SF","WR111","11","81","432","306.8","42.0","",""
"350","14","","Taysom Hill","NO","QB39","6","110","385","318.3","54.8","",""
"351","14","","Keelan Cole","JAC","WR112","7","241","431","320.4","36.8","",""
"352","14","","Devin Asiasi","NE","TE41","6","171","365","311.1","45.6","",""
"353","14","","Kalen Ballage","MIA","RB103","11","125","387","321.6","42.1","",""
"354","14","","Cole Kmet","CHI","TE42","11","191","383","327.1","30.3","",""
"355","14","","Dan Arnold","ARI","TE43","8","153","402","297.0","51.3","",""
"356","14","","Josh Gordon","FA","WR113","","192","310","282.6","23.8","",""
"357","14","","Jason Witten","LV","TE44","6","159","376","323.9","38.2","",""
"358","14","","Miami (MIA)","","DST30","11","159","347","301.9","33.2","",""
"359","14","","Nick Boyle","BAL","TE45","8","232","400","312.2","38.1","",""
"360","14","","Olabisi Johnson","MIN","WR114","7","204","390","306.1","44.4","",""
"361","14","","Kai Forbath","FA","K30","","193","371","305.4","31.7","",""
"362","14","","Justin Watson","TB","WR115","13","270","380","328.0","28.0","",""
"363","14","","Tajae Sharpe","MIN","WR116","7","243","371","307.8","30.2","",""
"364","14","","New York (NYG)","","DST31","11","166","355","325.5","21.2","",""
"365","14","","Ryan Griffin","NYJ","TE46","11","177","389","331.4","24.2","",""
"366","14","","Mike Davis","CAR","RB104","13","189","416","333.6","39.6","",""
"367","14","","Ty Johnson","DET","RB105","5","257","377","328.9","26.4","",""
"368","14","","Adam Vinatieri","FA","K31","","249","374","316.0","24.7","",""
"369","14","","Tyler Johnson","TB","WR117","13","264","379","330.4","26.4","",""
"370","14","","Trayveon Williams","CIN","RB106","9","185","386","337.8","37.9","",""
"371","14","","Cincinnati (CIN)","","DST32","9","139","355","321.5","40.0","",""
"372","14","","Ty Montgomery","NO","RB107","6","246","382","332.6","29.1","",""
"373","14","","Jakeem Grant","MIA","WR118","11","226","365","302.2","32.5","",""
"374","14","","Andy Dalton","DAL","QB40","10","136","397","341.9","38.6","",""
"375","14","","Josh Oliver","JAC","TE47","7","255","373","331.5","26.3","",""
"376","14","","Corey Clement","PHI","RB108","9","245","369","329.0","31.7","",""
"377","14","","Eddy Pineiro","CHI","K32","11","252","368","311.5","30.2","",""
"378","14","","Greg Joseph","TEN","K33","7","228","340","298.6","26.4","",""
"379","14","","Jalen Hurts","PHI","QB41","9","138","387","333.5","43.8","",""
"380","14","","Demaryius Thomas","FA","WR119","","221","300","253.0","26.1","",""
"381","14","","Paul Richardson Jr.","FA","WR120","","240","316","278.9","19.4","",""
"382","14","","KeeSean Johnson","ARI","WR121","8","246","376","336.7","28.8","",""
"383","14","","Taylor Gabriel","FA","WR122","","206","433","293.0","65.9","",""
"384","14","","Dontrell Hilliard","CLE","RB109","9","255","382","340.3","27.3","",""
"385","14","","Trent Taylor","SF","WR123","11","224","435","329.2","52.4","",""
"386","14","","Jason Sanders","MIA","K34","11","228","353","314.1","23.5","",""
"387","14","","Jeremy Sprinkle","WAS","TE48","8","273","421","335.5","34.2","",""
"388","15","","Dexter Williams","GB","RB110","5","263","386","335.7","34.1","",""
"389","15","","Zay Jones","LV","WR124","6","183","378","335.8","31.8","",""
"390","15","","Jacoby Brissett","IND","QB42","7","137","396","340.1","28.5","",""
"391","15","","Cordarrelle Patterson","CHI","WR125","11","223","383","323.1","42.6","",""
"392","15","","Delanie Walker","FA","TE49","","260","401","318.4","36.9","",""
"393","15","","Isaiah Ford","MIA","WR126","11","213","396","306.1","55.0","",""
"394","15","","Scott Miller","TB","WR127","13","261","378","335.9","34.0","",""
"395","15","","Rashard Higgins","CLE","WR128","9","290","377","345.9","27.9","",""
"396","15","","J.D. McKissic","WAS","RB111","8","195","357","315.2","38.1","",""
"397","15","","Kerrith Whyte Jr.","PIT","RB112","8","265","368","334.5","28.6","",""
"398","15","","Devontae Booker","LV","RB113","6","190","364","318.7","32.8","",""
"399","15","","Bilal Powell","FA","RB114","","255","392","332.4","32.9","",""
"400","15","","Kyle Juszczyk","SF","RB115","11","290","364","333.1","20.1","",""
"401","15","","Foster Moreau","LV","TE50","6","279","407","345.0","27.5","",""
"402","15","","Jake Kumerow","GB","WR129","5","267","378","339.4","30.1","",""
"403","15","","Trey Quinn","WAS","WR130","8","197","395","316.7","53.3","",""
"404","15","","Equanimeous St. Brown","GB","WR131","5","207","377","313.0","43.3","",""
"405","15","","Quintez Cephus","DET","WR132","5","220","390","334.8","29.3","",""
"406","15","","Sam Sloman","LAR","K35","9","233","369","307.3","34.3","",""
"407","15","","Adam Trautman","NO","TE51","6","239","404","350.1","24.8","",""
"408","15","","C.J. Anderson","FA","RB116","","255","392","337.5","30.4","",""
"409","15","","Hakeem Butler","ARI","WR133","8","269","373","343.3","31.0","",""
"410","15","","Raymond Calais","TB","RB117","13","235","370","332.6","35.2","",""
"411","15","","JaMycal Hasty","SF","RB118","11","230","373","335.1","35.5","",""
"412","15","","Thaddeus Moss","WAS","TE52","8","226","426","316.6","62.5","",""
"413","15","","Logan Thomas","WAS","TE53","8","286","429","337.9","39.4","",""
"414","15","","Chandler Catanzaro","FA","K36","","155","341","303.7","57.3","",""
"415","15","","Javon Wims","CHI","WR134","11","299","384","357.8","17.7","",""
"416","15","","Albert Okwuegbunam","DEN","TE54","8","241","422","349.5","27.2","",""
"417","15","","Jordan Reed","SF","TE55","11","282","390","337.3","24.7","",""
"418","15","","Damiere Byrd","NE","WR135","6","295","390","356.4","26.4","",""
"419","15","","Devine Ozigbo","JAC","RB119","7","201","379","338.7","32.5","",""
"420","15","","Kaden Smith","NYG","TE56","11","295","419","353.3","28.7","",""
"421","15","","Anthony Firkser","TEN","TE57","7","260","430","350.4","31.1","",""
"422","15","","Dalton Keene","NE","TE58","6","325","393","354.5","19.8","",""
"423","15","","Kahale Warring","HOU","TE59","8","173","376","303.8","51.4","",""
"424","15","","Rodney Anderson","FA","RB120","","270","367","323.2","30.8","",""
"425","15","","Donovan Peoples-Jones","CLE","WR136","9","262","395","365.3","28.9","",""
"426","15","","Kalif Raymond","TEN","WR137","7","279","394","337.6","38.4","",""
"427","15","","Ryan Nall","CHI","RB121","11","312","387","356.1","21.5","",""
"428","15","","Drew Sample","CIN","TE60","9","342","427","366.8","23.6","",""
"429","15","","Kyle Allen","WAS","QB43","8","133","391","341.3","29.7","",""
"430","15","","Ricky Seals-Jones","KC","TE61","10","299","428","363.5","29.5","",""
"431","15","","Maxx Williams","ARI","TE62","8","291","385","360.6","33.1","",""
"432","15","","Mo Alie-Cox","IND","TE63","7","298","369","351.4","8.5","",""
"433","15","","Sam Ficken","NYJ","K37","11","294","377","327.6","28.1","",""
"434","15","","Joe Reed","LAC","WR138","10","297","388","347.7","33.9","",""
"435","15","","Jordan Love","GB","QB44","5","139","385","312.0","100.9","",""
"436","15","","Robert Foster","BUF","WR139","11","205","389","315.0","70.5","",""
"437","15","","Gary Jennings Jr.","MIA","WR140","11","212","370","297.7","65.2","",""
"438","15","","K.J. Hill","LAC","WR141","10","285","395","362.3","25.1","",""
"439","15","","Josh Hill","NO","TE64","6","303","381","346.6","25.1","",""
"440","15","","Salvon Ahmed","SF","RB122","11","181","361","271.0","90.0","",""
"441","15","","Case Keenum","CLE","QB45","9","292","388","338.8","39.5","",""
"442","16","","Graham Gano","NYG","K38","11","260","324","292.0","32.0","",""
"443","16","","Elijah Holyfield","PHI","RB123","9","330","363","345.8","13.0","",""
"444","16","","Jesse James","DET","TE65","5","339","366","357.6","9.0","",""
"445","16","","Robert Tonyan","GB","TE66","5","281","381","331.3","40.8","",""
"446","16","","Tyler Bass","BUF","K39","11","271","326","298.5","27.5","",""
"447","16","","Laquon Treadwell","ATL","WR142","10","293","372","365.2","7.7","",""
"448","16","","John Kelly","LAR","RB124","9","314","387","350.3","26.4","",""
"449","16","","Jordan Scarlett","CAR","RB125","13","311","391","360.0","22.7","",""
"450","16","","Dalton Schultz","DAL","TE67","10","267","381","335.0","49.1","",""
"451","16","","Dalyn Dawkins","FA","RB126","","341","372","360.4","10.9","",""
"452","16","","Nick Vannett","DEN","TE68","8","272","383","351.3","46.0","",""
"453","16","","James Robinson","JAC","RB127","7","267","414","343.7","60.2","",""
"454","16","","Ameer Abdullah","MIN","RB128","7","326","357","341.0","12.7","",""
"455","16","","James O'Shaughnessy","JAC","TE69","7","311","374","342.0","25.7","",""
"456","16","","Brycen Hopkins","LAR","TE70","9","272","359","315.5","43.5","",""
"457","16","","Adam Shaheen","MIA","TE71","11","306","325","315.5","9.5","",""
"458","16","","Buddy Howell","HOU","RB129","8","337","379","356.8","16.1","",""
"459","16","","Dontrelle Inman","WAS","WR143","8","311","377","344.7","27.0","",""
"460","16","","Marvin Hall","DET","WR144","5","311","328","319.5","8.5","",""
"461","16","","Karan Higdon","HOU","RB130","8","357","364","359.5","2.7","",""
"462","16","","James Proche","BAL","WR145","8","308","383","350.0","31.3","",""
"463","16","","J.J. Taylor","NE","RB131","6","319","381","351.0","25.4","",""
"464","16","","Jaeden Graham","ATL","TE72","10","267","434","383.0","24.0","",""
"465","16","","Corey Coleman","NYG","WR146","11","303","378","352.3","34.9","",""
"466","16","","Tim Patrick","DEN","WR147","8","350","383","363.8","12.0","",""
"467","16","","Elijah McGuire","KC","RB132","10","282","380","331.0","49.0","",""
"468","16","","Riley Ridley","CHI","WR148","11","346","385","375.7","6.7","",""
"469","16","","Joe Flacco","NYJ","QB46","11","294","372","333.0","39.0","",""
"470","16","","Dwayne Washington","NO","RB133","6","353","359","355.0","2.8","",""
"471","16","","Hunter Bryant","DET","TE73","5","293","375","334.0","41.0","",""
"472","16","","Gabriel Davis","BUF","WR149","11","348","380","366.3","12.2","",""
"473","16","","CJ Ham","MIN","RB134","7","283","387","335.0","52.0","",""
"474","16","","Devin Smith","DAL","WR150","10","336","384","367.5","18.6","",""
"475","16","","Mack Hollins","MIA","WR151","11","304","375","339.5","35.5","",""
"476","16","","Demetrius Harris","CHI","TE74","11","324","356","340.0","16.0","",""
"477","16","","Vyncint Smith","NYJ","WR152","11","333","349","341.0","8.0","",""
"478","16","","Josh Rosen","MIA","QB47","11","320","367","343.5","23.5","",""
"479","16","","Isaiah Coulter","HOU","WR153","8","346","371","361.7","11.1","",""
"480","16","","Ross Dwelley","SF","TE75","11","344","374","363.0","13.5","",""
"481","16","","Josh Adams","NYJ","RB135","11","312","388","350.0","38.0","",""
"482","16","","John Hightower","PHI","WR154","9","333","367","350.0","17.0","",""
"483","16","","Taquan Mizzell","FA","RB136","","310","403","356.5","46.5","",""
"484","16","","Trey Edmunds","PIT","RB137","8","340","375","357.5","17.5","",""
"485","16","","Wendell Smallwood","PIT","RB138","8","327","389","358.0","31.0","",""
"486","16","","Andy Janovich","CLE","RB139","9","331","390","360.5","29.5","",""
"487","16","","Alex Smith","WAS","QB48","8","358","367","362.5","4.5","",""
"488","16","","Tyler Kroft","BUF","TE76","11","367","394","380.8","10.8","",""
"489","16","","Isaiah McKenzie","BUF","WR155","11","364","369","366.5","2.5","",""
"490","16","","Taiwan Jones","BUF","RB140","11","344","408","376.0","32.0","",""
"491","16","","John Ursua","SEA ","WR156","6","377","385","380.0","3.6","",""
"492","16","","D'Ernest Johnson","CLE","RB141","9","345","409","377.0","32.0","",""
"493","16","","Damion Ratley","CLE","WR157","9","371","389","381.0","7.5","",""
"494","16","","Khari Blasingame","TEN","RB142","7","363","397","382.0","14.2","",""
"495","16","","Richard Rodgers","WAS","TE77","8","370","379","374.5","4.5","",""
"496","16","","Alex Erickson","CIN","WR158","9","375","375","375.0","0.0","",""
"497","16","","Seth Roberts","CAR","WR159","13","374","390","382.7","6.6","",""
"498","16","","Robert Griffin","BAL","QB49","8","371","397","383.0","10.7","",""
"499","16","","Trenton Cannon","CAR","RB143","13","370","406","387.0","14.8","",""
"500","16","","Elijhaa Penny","NYG","RB144","11","362","394","378.0","16.0","",""
"501","16","","Alec Ingold","LV","RB145","6","364","392","378.0","14.0","",""
"502","16","","David Fluellen","FA","RB146","","361","405","383.0","22.0","",""
"503","16","","Kenneth Dixon","FA","RB147","","380","382","381.0","1.0","",""
""
""